date|email|ownerName|ownerSurname|country|province|city|address|phone|businessName|businessActivity|businessDescription|minimumShop|businessName2|url|showInDirectory
43940.48942561343|testerfoody@gmail.com|foody|tester|Argentina|Chaco|Resistencia|San Martin 12345|1134265013|Fooddy Online|Gastronomía|Vendemos comidas y bebidas|600|Fooddy Online|demo|false
43942.81128230324|katzsport@hotmail.com|Gaston|Toer|Argentina|Chaco|Resistencia |Santa María de Oro 221|3624713393|Katz Sport |Indumentaria|Artículos de deportes |1000|Katz Sport |katz-sport|true
43944.52041473379|fjibarborde@gmail.com|Fabio|Ibarborde|Argentina|Cordoba|Cordoba|Obispo Trejo 789|3517029580|One Lomos & Burger|Gastronomía|Casa de Comidas Rápidas |100|One Lomos & Burger|one-cba|true
43944.847443391205|tamyes_14@hotmail.com|Jesica |Imola |Argentina|Santa Fe |Las Toscas |Calle 4|3482307200|Natura |Otros|Venta de cosmeticos Natura |1000|Natura |natura|false
43945.31783703704|nancimartinez@hotmail.com|Nanci|Martínez |Argentina|Santa Fe|Las Toscas |Calle 23 al 411|3482629419|Creaciones san Antonio |Indumentaria|Ropa informal!!!. Dama. Caballero. Ropa de vestir|1.5|Creaciones san Antonio |creaciones-san-antonio|false
43945.84513894676|balimercado@hotmail.com|Pedro|Benedetti|Argentina|Buenos Aires|Mar del Plata|Colon 1702|2236964612|Bali|Supermercado/Minimercado|Venta al por menor de bienes de consumo|1000|Bali|bali-mar-del-plata|false
43946.92324615741|pedidosindianapolis@gmail.com|Diego |Zaragoza|Argentina|Chaco|Resistencia|San Martin 1735|3624225749|Indianapolis Ferreteria|Ferretería|Todo en artículos de Ferretería|1000|Indianapolis Ferreteria|indianapolis|true
